"Filename","Google_Photos_Link","GPSLatitude","GPSLongitude","Survey_run"
"IMG_9962_A","https://photos.google.com/photo/AF1QipMMc5gaQE2E1pc9RlauZbhCP29oFZMqRaSGthzc",55.9015,-4.2943,"A"
"IMG_9963_A","https://photos.google.com/photo/AF1QipM6-0Wgx5LhBrOS7p9B1BO3vnZdx8FVn_FkrBTe",55.9016,-4.2948,"A"
"IMG_9964_A","https://photos.google.com/photo/AF1QipPjxOgfO51Vzbt2o9L8NqeZC4VUGIb61AACLm6l",55.9016,-4.2947,"A"
"IMG_9965_A","https://photos.google.com/photo/AF1QipMYjrXNhzGSjInjO_3VotAWeCNR30WCIpFKUTWx",55.9017,-4.2952,"A"
"IMG_9966_A","https://photos.google.com/photo/AF1QipNeYZuizJDn_bqfq4LZg3rHFzza2hVDftxOCBYK",55.9019,-4.2954,"A"
"IMG_9967_A","https://photos.google.com/photo/AF1QipMLDMJGR7dSKghJw4cUTNMaBJfjfJJNddjSlJZr",55.9019,-4.2956,"A"
"IMG_9968_A","https://photos.google.com/photo/AF1QipORNT522gpsv0BTYFmgUXkFa-FZoar6hZAjp85X",55.9018,-4.2961,"A"
"IMG_9969_A","https://photos.google.com/photo/AF1QipPyoTbNXPCXm-kRszcNJeiSRWJyBrYzscKL9Wg5",55.9016,-4.2964,"A"
"IMG_9970_A","https://photos.google.com/photo/AF1QipPh0TmC0mjyPpp8_yWf0QGDqWQgzj-6Z2Ct7qHX",55.9012,-4.2958,"A"
"IMG_9971_A","https://photos.google.com/photo/AF1QipOqR4wwVrPOwZ9urjDXAstSPNUK-3iKtA8sQSGF",55.9013,-4.295,"A"
"IMG_9972_A","https://photos.google.com/photo/AF1QipMTdDRHPc36a3ZSeL9yrULTfdUrqh9HNv_AUHQz",55.9005,-4.2938,"A"
"IMG_9973_A","https://photos.google.com/photo/AF1QipP_r2J1qMB4wjJ4DFNammtge8_IPj5Agl_rSIDH",55.9004,-4.2941,"A"
"IMG_9974_A","https://photos.google.com/photo/AF1QipPLTNwq2ZFw7HmlVDaEfV7h5-RV1D1Oa_zUDijH",55.9006,-4.2946,"A"
"IMG_9975_A","https://photos.google.com/photo/AF1QipOknz7m6Agp6IcOaiRDsRxHeKqSXu2eUocMB1L_",55.9008,-4.2966,"A"
"IMG_9976_A","https://photos.google.com/photo/AF1QipMruqP-tI0Y0xAwsmt-2AE4v0mOFu1Eyuy1jD7Z",55.9021,-4.2962,"A"
"IMG_9977_A","https://photos.google.com/photo/AF1QipPNp2L-jDA3lda_XODvSqtyHyxk0iNfWXaodquP",55.902,-4.2963,"A"
"IMG_9978_A","https://photos.google.com/photo/AF1QipOQl5AJ4-rfTC3WkGWgl7i8p8E5h3x4gTBEDyiQ",55.9018,-4.2943,"A"
"IMG_9979_A","https://photos.google.com/photo/AF1QipNxbYIXlaT_4LucEt9EtSY0Ow4xnMmNJ8-0LaKc",55.9019,-4.2943,"A"
"IMG_9980_A","https://photos.google.com/photo/AF1QipNfoqZxZlJSJ8OG0ykgg9-iI4uC0QlRfh8hfFj6",55.9019,-4.2943,"A"
"IMG_9981_A","https://photos.google.com/photo/AF1QipMILZK-7iioraKM3HDfqRDjyOiTvnw63j0kesb6",55.9016,-4.2937,"A"
"IMG_9982_A","https://photos.google.com/photo/AF1QipPtv-tWWwODv6HYXVGKJxX_XXQusOpK0nQMzkuA",55.9016,-4.2936,"A"
"IMG_0121_B","https://photos.google.com/photo/AF1QipOMU6ETU0opoyANNRjfYeXrWt_1Sh_f3CIaSeXV",55.9021,-4.293,"B"
"IMG_0122_B","https://photos.google.com/photo/AF1QipO5qwGp0qKTids9JsVrn6IrxtDSVOKLzbXmCW54",55.9019,-4.2931,"B"
"IMG_0123_B","https://photos.google.com/photo/AF1QipN_SGBbD0Cld25gDuUcJ8-gYrh3_Z8n9Hc0ytye",55.9021,-4.2929,"B"
"IMG_0124_B","https://photos.google.com/photo/AF1QipM0ZOHTiA09HTPs54CGlHWY9DRmXVnWcbypHT5L",55.9021,-4.2927,"B"
"IMG_0125_B","https://photos.google.com/photo/AF1QipMylKDKtaRQQz9IB7f4VqBVGh1mXdd5mjBvpDn6",55.9023,-4.2926,"B"
"IMG_0126_B","https://photos.google.com/photo/AF1QipM3qPU9-42ZB-LVxLg8elij9UGcryv5b_jGQLK_",55.9023,-4.2926,"B"
"IMG_0127_B","https://photos.google.com/photo/AF1QipNXjN4xMqhpRC3CSBYou1u2IoQh58Fvuc2iIex5",55.9028,-4.294,"B"
"IMG_0128_B","https://photos.google.com/photo/AF1QipOg60mcmU2vENIIaC6NJNMQNxDY80wPLXVeLp-5",55.9027,-4.2943,"B"
"IMG_0129_B","https://photos.google.com/photo/AF1QipMVI31Jf7V-4sr8ZFFSwA5uAUKnlWcCi-2KYAaQ",55.9023,-4.2955,"B"
"IMG_0130_B","https://photos.google.com/photo/AF1QipMkSX7vgy1mPbW3yahRkcl1I36NQBsMBizoY1BH",55.9025,-4.2959,"B"
"IMG_0131_B","https://photos.google.com/photo/AF1QipMv-5X3DWe2kPoEA3PdgKjLPHIFcv8pzdRLLXGx",55.9024,-4.2969,"B"
"IMG_0132_B","https://photos.google.com/photo/AF1QipMBl83LcYzD0PzYinKst_waPYjSQFivTkqlQ5P3",55.9022,-4.2972,"B"
"IMG_0133_B","https://photos.google.com/photo/AF1QipP6VgBlbI8r9nmvGanw3d-h42un0VY09qCHF3jI",55.9021,-4.2975,"B"
"IMG_0134_B","https://photos.google.com/photo/AF1QipNr9h3ZazE6mPkGaAY-0iGKS-ztScgAFVi_Ejdu",55.9021,-4.2975,"B"
"IMG_0135_B","https://photos.google.com/photo/AF1QipPh-Pisa9TKOdBnrTidOWyP-c5SzpyQ-ZBLvwCJ",55.9023,-4.2977,"B"
"IMG_0136_B","https://photos.google.com/photo/AF1QipPnHNKm4c3PstC_vIoPnQ5CC57Agq0sR4eNhgx7",55.9013,-4.2982,"B"
"IMG_0137_B","https://photos.google.com/photo/AF1QipODq5bucjXvDdTeqlv0HxiLDCSd1klkETKpRYTa",55.9013,-4.298,"B"
"IMG_0138_B","https://photos.google.com/photo/AF1QipNRkW-be53WeTEvvko-PTsmUYx4QSeTRLILyCFr",55.9016,-4.2978,"B"
"IMG_0139_B","https://photos.google.com/photo/AF1QipNtclMmuhLJSmMI-6AQ2GqDwQH4G-aTi93ciq6y",55.9027,-4.2978,"B"
"IMG_0140_B","https://photos.google.com/photo/AF1QipNzITzBvS7rGQNuepoNNAKDZhgK2uXb4wZ9V61U",55.9031,-4.2972,"B"
"IMG_0141_B","https://photos.google.com/photo/AF1QipNk1nPMd4PPV2FyUq0XGx1TP7ab-y46pUGPcRDl",55.9034,-4.2968,"B"
"IMG_0142_B","https://photos.google.com/photo/AF1QipPoh_Itj5-vjOVRTBDkt290YankCZb4putcmtkO",55.903,-4.2977,"B"
"IMG_0143_B","https://photos.google.com/photo/AF1QipOVqKVzlarsoFZlzC6bbUghT9XJCtU_U7JRrcoH",55.9035,-4.2968,"B"
"IMG_0144_B","https://photos.google.com/photo/AF1QipMzPpElmO2DUnIRpr1oNP3h8f-XfNTJbO_8T_Ke",55.9035,-4.2965,"B"
"IMG_0145_B","https://photos.google.com/photo/AF1QipPNQ_RsEaWKlniKWF_r_l5pwGH5X7giT4OsYA-7",55.9033,-4.2959,"B"
"IMG_0146_B","https://photos.google.com/photo/AF1QipNM5bw6B79nxfpX-nbhsn3frAmuQGXwpgJJyLAa",55.9033,-4.2955,"B"
"IMG_0147_B","https://photos.google.com/photo/AF1QipM5yVmmJlYfHeIFDDKopNwfes2l3YTKlkNC5ErU",55.9032,-4.296,"B"
"IMG_0148_B","https://photos.google.com/photo/AF1QipOvkJXzmMXZt3INKffYbTiw_Z77W-2MrVAcnqyB",55.9032,-4.2959,"B"
"IMG_0149_B","https://photos.google.com/photo/AF1QipPWC0X_yDedhxljy22y2mlApLGWx54zG4TeMlZj",55.9031,-4.2959,"B"
"IMG_0150_B","https://photos.google.com/photo/AF1QipNNes7BqO-m7GQ4ACvhu0yoBSzhoAygb12xYmuF",55.9031,-4.2959,"B"
"IMG_0323_C","https://photos.google.com/photo/AF1QipOjBvYqcloQxz9kWicmWQcUMS1wBEAnC21-jXBd",55.9035,-4.2951,"C"
"IMG_0324_C","https://photos.google.com/photo/AF1QipNCwG0OWVZIlT8dgQMjWfCVSFiI4LFI3dni9vJO",55.9037,-4.2946,"C"
"IMG_0325_C","https://photos.google.com/photo/AF1QipNcaMAh5xhduE7F9s12tsarFB8ksb8jOLqQH9Db",55.9037,-4.2946,"C"
"IMG_0326_C","https://photos.google.com/photo/AF1QipPCrt8DHUVhOVLUDCyWzmKMUyxsGY2gcF--Hi5j",55.9044,-4.2942,"C"
"IMG_0327_C","https://photos.google.com/photo/AF1QipPWoWnfHqignAB6-sE-5veA_D2eP0-EhHWFLqC6",55.9044,-4.294,"C"
"IMG_0328_C","https://photos.google.com/photo/AF1QipMHrWZigpMEAX4SGodiJ9nXLUQ7kYo6i_CIWzIu",55.9049,-4.2938,"C"
"IMG_0329_C","https://photos.google.com/photo/AF1QipPXcWUT3CVoGviVRuWiKHvwzS-IszsXYCEKneS8",55.9051,-4.2938,"C"
"IMG_0330_C","https://photos.google.com/photo/AF1QipOfUhqggasZJTc_8Nr_1J_94CP6b9mTDBLa61cU",55.9053,-4.2937,"C"
"IMG_0331_C","https://photos.google.com/photo/AF1QipMCOY69xEZEJee738SyKamev_uMVlEVWNzvPCwD",55.9053,-4.2933,"C"
"IMG_0332_C","https://photos.google.com/photo/AF1QipN8rUpK7WNqeA1syIbAGuluhErUbFZswBBdK7vl",55.9052,-4.2929,"C"
"IMG_0333_C","https://photos.google.com/photo/AF1QipOCOvYsozg-Gt-d8QSFz7rk033NQNR6GSJg0pGi",55.9053,-4.2915,"C"
"IMG_0334_C","https://photos.google.com/photo/AF1QipORGdRtRxPWN_8BS9g0u_uMKipY5pl-AfkFbkNn",55.9055,-4.2915,"C"
"IMG_0335_C","https://photos.google.com/photo/AF1QipPnj-tltrwtEulPeJjx4viLmZP5qj6Z_IVoeu8y",55.9054,-4.2911,"C"
"IMG_0336_C","https://photos.google.com/photo/AF1QipOIaL-3KdKSYTI4xG2QBSXz00zOP7U6fhmUGv08",55.9055,-4.2909,"C"
"IMG_0337_C","https://photos.google.com/photo/AF1QipNDrGF6HVSkfwW6rQAOezOYcu__o6Rc1k9U4UA_",55.9053,-4.2897,"C"
"IMG_0338_C","https://photos.google.com/photo/AF1QipMqdiiv-hmHkcQxO1rtVg7aDMrYRBh1X758Mtmq",55.9053,-4.2899,"C"
"IMG_0339_C","https://photos.google.com/photo/AF1QipPl0BEsWOeX9v5l1Tp3bUN34htUhBgkvzyEy-_K",55.9047,-4.2902,"C"
"IMG_0340_C","https://photos.google.com/photo/AF1QipMWZoZMGC2USJrAWYwAGp1ixQVKuY0xEWrlSp9O",55.9045,-4.2895,"C"
"IMG_0341_C","https://photos.google.com/photo/AF1QipO3_u1uw01w-5VwbrpVeDc58A7oidhQaPzVVEd3",55.904,-4.2894,"C"
"IMG_0342_C","https://photos.google.com/photo/AF1QipPlT_hjoxFP3qY_a5ZEZVcqh4bhEt15SPd7nUcV",55.9041,-4.2906,"C"
"IMG_0343_C","https://photos.google.com/photo/AF1QipOz5uNAJR_ltNZ1CwYAgC0JQYh8Jxzk4xiGdni0",55.9041,-4.2906,"C"
"IMG_0344_C","https://photos.google.com/photo/AF1QipPO3F_5P6C2o-bNODn87uGCOU4edboQUpbKYe8T",55.9048,-4.291,"C"
"IMG_0345_C","https://photos.google.com/photo/AF1QipPOmEPomkyvIYbEkBSPymSFoghMyN3AT-5hEKdz",55.9048,-4.2922,"C"
"IMG_0346_C","https://photos.google.com/photo/AF1QipOihEIj0MF7rVh9VhEE-MLla-Xo6I1_AYTP6hpz",55.9047,-4.2931,"C"
"IMG_0347_C","https://photos.google.com/photo/AF1QipO5jtH1O0ERqPCS7on2e3At7OUQymSzTvDXsFtt",55.904,-4.2934,"C"
"IMG_0348_C","https://photos.google.com/photo/AF1QipMdZ2EjTj32OzYswts7NkgFJarbYXVmk4GJCVYZ",55.9042,-4.2923,"C"
"IMG_0349_C","https://photos.google.com/photo/AF1QipNehuxGoiRX4gOX0ODTZ3FH8KAEOPGVvDo-FBRJ",55.9041,-4.2921,"C"
"IMG_0350_C","https://photos.google.com/photo/AF1QipPcQQVbSSZ3pl10TAa_7gFXa85M4OZ6k48_VtXO",55.9041,-4.2921,"C"
"IMG_0351_C","https://photos.google.com/photo/AF1QipM1WbzEAkvoXdGB9KiM08QdzwpKJ46VC9nN6ktt",55.9039,-4.2921,"C"
"IMG_0352_C","https://photos.google.com/photo/AF1QipNjNxp8BcYDuIQbCghxtUEOUkQL3AcGkyr83VqG",55.9038,-4.2921,"C"
"IMG_0353_C","https://photos.google.com/photo/AF1QipNrGC5M4JSrl5YYIMdztCzn7sonEqI8xLgz_zui",55.9041,-4.2914,"C"
"IMG_0354_C","https://photos.google.com/photo/AF1QipMLTSw-Hnt-yNIqhvO2XvSw9gWx6zysFgNCHttU",55.9041,-4.2914,"C"
"IMG_0355_C","https://photos.google.com/photo/AF1QipPCbb2_XI1xWOlWHaBaLd0200PYmkrKFw_9k7ed",55.9037,-4.2895,"C"
"IMG_0038_D","https://photos.google.com/photo/AF1QipPOBgb4Xx6HSNaeBWhxqaTmTKC1DAuC7v0wjerM",55.9006,-4.2977,"D"
"IMG_0039_D","https://photos.google.com/photo/AF1QipMx32rs3_DcCeIru2SYIa1fLhcwUwthZCiqJiv7",55.9009,-4.3013,"D"
"IMG_0040_D","https://photos.google.com/photo/AF1QipPY7SWoWZg85osIz3TIWFfeB6FboDvAC7gCEGrw",55.8984,-4.3014,"D"
"IMG_0041_D","https://photos.google.com/photo/AF1QipNz2OCevwYzWndOHqhQrEi3UoSPSnfBjasW5eV1",55.8982,-4.3007,"D"
"IMG_0042_D","https://photos.google.com/photo/AF1QipOYMHqEC-3ge5WZwcNUpj_4rEWu9SGeBaNJqm8u",55.8982,-4.3005,"D"
"IMG_0043_D","https://photos.google.com/photo/AF1QipM0nmtPV92GDJvVSVIPqjTFFVR9gNg3V4a2gPGi",55.8981,-4.3005,"D"
"IMG_0044_D","https://photos.google.com/photo/AF1QipNOOCN3B8o9QmhSGs24xzmGQ5JMl3kdZvIGkAzw",55.8986,-4.2999,"D"
"IMG_0045_D","https://photos.google.com/photo/AF1QipNXbDdN0FBaJb2Dsk43rjDyhLD1I-1fJ8EGCX6l",55.8992,-4.2997,"D"
"IMG_0046_D","https://photos.google.com/photo/AF1QipPqBxV-o3NSKdBc1vOuuFXQphKaM0er3cvPV7hi",55.8996,-4.2989,"D"
"IMG_0047_D","https://photos.google.com/photo/AF1QipMmgbaOLFxmXrkm0SvNi0BUgL4ckzheCwNEQ8dL",55.8996,-4.2996,"D"
"IMG_0048_D","https://photos.google.com/photo/AF1QipMtttmTlAxmn03EbQZALA7hMRHHL54buWGJKTTe",55.8998,-4.2998,"D"
"IMG_0049_D","https://photos.google.com/photo/AF1QipPbXCPiL_UOo2tHssgMxlZmkKme8ikJaAe8CsZu",55.9,-4.2997,"D"
"IMG_0050_D","https://photos.google.com/photo/AF1QipMMfoMA_V57WSDN6bvhwNXkjLIZZ4fKNCOgORuz",55.9002,-4.2998,"D"
"IMG_0051_D","https://photos.google.com/photo/AF1QipNj0w89YLH3WrPJGlY6Eq9AMH7SzlwdJCwH3uTC",55.9003,-4.2998,"D"
"IMG_0052_D","https://photos.google.com/photo/AF1QipNKGlXWgTAe4dxZT_uENeynFbXHrR229tMyWZ2C",55.8988,-4.2981,"D"
"IMG_0053_D","https://photos.google.com/photo/AF1QipPCFtnH3DXTY47fZGInJDbcN83bLYe2lDAkPhUS",55.8992,-4.2979,"D"
"IMG_0054_D","https://photos.google.com/photo/AF1QipMk5ikOUvyHZ-izD5oxDjSLkCHIfI3wBKEaABk9",55.8994,-4.2979,"D"
"IMG_0055_D","https://photos.google.com/photo/AF1QipM_arh51o_lglgIToypuICc3XKR48M_GR4E-giw",55.8998,-4.2976,"D"
"IMG_0056_D","https://photos.google.com/photo/AF1QipNBsH6c00FULNF9HwPwp4OSk3dXugmnvZyz32Ea",55.9001,-4.2971,"D"
"IMG_0057_D","https://photos.google.com/photo/AF1QipOPVguaMjMUpTsywcQeM4U916NQPaFRPxMOAgZn",55.9001,-4.297,"D"
"IMG_0058_D","https://photos.google.com/photo/AF1QipN0zc2E3O8tT5eDUSAasT8J3GiV02KACodzFsCF",55.9,-4.297,"D"
"IMG_0059_D","https://photos.google.com/photo/AF1QipOyt3Qf5LdLpQ6Co8oUI_yNjiiLX2CHVpnhhvTe",55.9008,-4.2978,"D"
"IMG_0060_D","https://photos.google.com/photo/AF1QipMuZKsZ6DH_lvOZG0UGvH9OMWjq9fZ66_sm4_h8",55.9,-4.294,"D"
"IMG_0061_D","https://photos.google.com/photo/AF1QipPgzBZcBP2Ie3ZQGcDpTb-sO5jNUcPwF1w2jwHx",55.8997,-4.2936,"D"
"IMG_0062_D","https://photos.google.com/photo/AF1QipOGy9siaQZ9kTu9cOmH7o_Sj6uPkxRg06PzYRc8",55.8997,-4.2933,"D"
"IMG_0063_D","https://photos.google.com/photo/AF1QipM_tieJref8F4N68eUY8x3rlKVwOkRbgEhAoL4G",55.8997,-4.293,"D"
"IMG_0064_D","https://photos.google.com/photo/AF1QipPoRLYfoU7bXwMqlWPJNEEQT19RXCxAJpXgWC8L",55.8999,-4.2879,"D"
"IMG_0065_D","https://photos.google.com/photo/AF1QipMNjhAv-bPzh-8q_EaygtBQUB88cZnFZsk9pSPY",55.9,-4.288,"D"
"IMG_0066_D","https://photos.google.com/photo/AF1QipPcGL0tJG9wA_WhY2m_swJENx73KXbw-Al_xij4",55.9006,-4.2882,"D"
"IMG_0067_D","https://photos.google.com/photo/AF1QipPZaydNP2c2F4ukLAIOjVexs_IptuV-tRFTfdfb",55.9008,-4.288,"D"
"IMG_0068_D","https://photos.google.com/photo/AF1QipOmbDh87qPjN_yq7hF4g0eLclXzCNy68SsJj6jo",55.9014,-4.2881,"D"
"IMG_0069_D","https://photos.google.com/photo/AF1QipMjYp1oX_oFk6vS2WlVNFg5576y4pgOPJbL_dbm",55.8996,-4.2874,"D"
"IMG_0070_D","https://photos.google.com/photo/AF1QipOhiId4LMUV0Yqmpc0xbeGHnf6oq7Wf9A80KjpQ",55.9008,-4.2866,"D"
"IMG_0071_D","https://photos.google.com/photo/AF1QipMKAPPjUeZtGZDtIkmrlWLXkB5iIvDlyChCGKqM",55.9009,-4.2866,"D"
"IMG_0072_D","https://photos.google.com/photo/AF1QipOOwGH9U3NLi0lBfRJLBBrQ5YlXWywpvuIe0Bre",55.901,-4.2864,"D"
"IMG_0073_D","https://photos.google.com/photo/AF1QipOYixyyrU738jHc11EDyiS-XVzHy4uw938cOJOb",55.9009,-4.2864,"D"
"IMG_0074_D","https://photos.google.com/photo/AF1QipP0FRIwdv__K0Q8AFF68auOAQ1xy2jxRAc_qsH8",55.9007,-4.2859,"D"
"IMG_0075_D","https://photos.google.com/photo/AF1QipMHNBCq50yVkOx88hU0OfMVmykEOUgFmUiGNLla",55.9008,-4.2857,"D"
"IMG_0076_D","https://photos.google.com/photo/AF1QipMVvZ4jS8zRZndR8mTixWAO4cIp5wTTJZVV8dGL",55.9012,-4.2838,"D"
"IMG_0077_D","https://photos.google.com/photo/AF1QipN-eHpiKqNT0FD53DSbGAEqPC3ET5QD7VZ-YH4J",55.9018,-4.2838,"D"
"IMG_0078_D","https://photos.google.com/photo/AF1QipPNHpXulPep5jEDD49q4luxcA-DWO2xke67HvGq",55.9028,-4.2837,"D"
"IMG_0079_D","https://photos.google.com/photo/AF1QipO35Viad2YsasNawEQxFWcsU3kjET1vjxzOtbIf",55.9032,-4.2833,"D"
"IMG_0080_D","https://photos.google.com/photo/AF1QipOhi6aludZXExGcsGUdExkSqDrgiw-nqsHaJln0",55.9033,-4.2834,"D"
"IMG_0081_D","https://photos.google.com/photo/AF1QipMCqDiZnU247aluw9E6NY61NK4-FqPQa5sVtihK",55.9038,-4.283,"D"
"IMG_0082_D","https://photos.google.com/photo/AF1QipP6fSGlTnbeFo2ZnwD0sz281BHg2yH3BgI-gA-m",55.904,-4.2828,"D"
"IMG_0083_D","https://photos.google.com/photo/AF1QipNGaI8-C_byguWX3ijvHCnTIuCP5IvTE7NbPOM0",55.904,-4.2826,"D"
"IMG_0084_D","https://photos.google.com/photo/AF1QipO9TD_qLip_Ogo7sg-L_x9dbmSRxG5FAImQ1-MX",55.9042,-4.2825,"D"
"IMG_0085_D","https://photos.google.com/photo/AF1QipNjKP7_Xfj8NSIYdpzTsRXzUGIlYuPpO_wWiApV",55.9048,-4.2814,"D"
"IMG_0086_D","https://photos.google.com/photo/AF1QipN1hYwDyII8PuqHhsJdSzjSlk73gWB-_JJV6D0M",55.9049,-4.2811,"D"
"IMG_0087_D","https://photos.google.com/photo/AF1QipMRHczl-3900HD7rDR6_hddYGg81p3YtFUfzyss",55.9053,-4.2814,"D"
"IMG_0088_D","https://photos.google.com/photo/AF1QipPvfd_LOEgUFsk7Db_s2ajjQnjUBMFTfyomUHVX",55.9054,-4.2813,"D"
"IMG_0089_D","https://photos.google.com/photo/AF1QipMTktaJh1zz7ufA1qBwnam8wEl2PEEz1t4ymwKq",55.9063,-4.2815,"D"
"IMG_0090_D","https://photos.google.com/photo/AF1QipMhse4D0-BL8v_8hiyFjfmRaVfxir-2hNbIWqI8",55.9064,-4.2813,"D"
"IMG_0091_D","https://photos.google.com/photo/AF1QipPoS2LRgfPf-PJotxTCu1pHxPyh7Ktm1djVYyy_",55.9063,-4.2807,"D"
"IMG_0092_D","https://photos.google.com/photo/AF1QipPwf_inyeA1YFGN2DF2D-sJaBaSVQFeGkC0Cun1",55.9062,-4.2826,"D"
"IMG_0093_D","https://photos.google.com/photo/AF1QipOMe6168GRostZY6oCRQS6ZLlqxB1ql0oq4RLy4",55.9061,-4.2828,"D"
"IMG_0094_D","https://photos.google.com/photo/AF1QipPXIK_oMEpLH01p_uaZv5BeN1sCXxAWPWazcSmH",55.9061,-4.2828,"D"
"IMG_0095_D","https://photos.google.com/photo/AF1QipMjr0zkMN3C6rhCptXpbJCyPTzisYIeLRuIW5Ze",55.9061,-4.2838,"D"
"IMG_0096_D","https://photos.google.com/photo/AF1QipODqIj1R1FQnUFetj8K8fm-Wgbb-4nTknQnakPX",55.9059,-4.2846,"D"
"IMG_0097_D","https://photos.google.com/photo/AF1QipNutMz6x9EHHg0SOGUjOgfNsk2UQfUF54zoiPjB",55.906,-4.2844,"D"
"IMG_0098_D","https://photos.google.com/photo/AF1QipOXBKy4HKSH41blAR31ogLVuSgxvSR0oeBnlg0c",55.9056,-4.2849,"D"
"IMG_0099_D","https://photos.google.com/photo/AF1QipOBvISO95_NdUcO4zoMF5FBhN-ATYLXSb4Ag9v6",55.9053,-4.2856,"D"
"IMG_0100_D","https://photos.google.com/photo/AF1QipNtThR7Tg7zDnWWEFNUmuMy0wIgaS4YHf2JmV-B",55.9053,-4.2857,"D"
"IMG_0101_D","https://photos.google.com/photo/AF1QipOXFRrpNydE4sJqL-cH9w2GjLAhNuYBe_JoV3gZ",55.9049,-4.287,"D"
"IMG_0102_D","https://photos.google.com/photo/AF1QipMtsN1N2uSt2Y8GZPIblAO5y5WYM89ebyiONN8m",55.9049,-4.287,"D"
"IMG_0103_D","https://photos.google.com/photo/AF1QipOhbLaP3VErLZjUrRAPJB88YLxSAUVQF0OZfK6S",55.9049,-4.2871,"D"
"IMG_0104_D","https://photos.google.com/photo/AF1QipOffPVLu1Blj7nAKglNIxHagkvaAfkFV-TSe_13",55.9046,-4.2858,"D"
"IMG_0105_D","https://photos.google.com/photo/AF1QipPFGiYS1UOoXtNZDMdABpmr47Y0AySWqcDrtTLA",55.9039,-4.2863,"D"
"IMG_0106_D","https://photos.google.com/photo/AF1QipPHgW37MXu-zICleD-Hy5ia6nGolKdAcNazPB80",55.9039,-4.2866,"D"
"IMG_0107_D","https://photos.google.com/photo/AF1QipMdsWNaFmEiJdFFLCVy5zPwi7wuYsaEwaNJx_xg",55.9036,-4.2859,"D"
"IMG_0108_D","https://photos.google.com/photo/AF1QipP2_w5lK04Ow-mDXB_rpuZgra1Y_jLvzeVRHMlS",55.9033,-4.2851,"D"
"IMG_0109_D","https://photos.google.com/photo/AF1QipOTuaXQGjW04tvHmnhxXk-01zPqN4BN2HzLjwVP",55.9034,-4.2852,"D"
"IMG_0110_D","https://photos.google.com/photo/AF1QipORwmQac0dLGH9RmcwCjKJRGLlKR21KMzdpJNfA",55.9028,-4.2864,"D"
"IMG_0111_D","https://photos.google.com/photo/AF1QipNQCvplHTVT9wsP-Wis_Yiw_JxEwnJ82E6KGhXG",55.9023,-4.2867,"D"
"IMG_0112_D","https://photos.google.com/photo/AF1QipOox1SoqYLWzcs5iucJJf9t8GXLeUAI5LeXd4S3",55.9023,-4.2857,"D"
"IMG_0113_D","https://photos.google.com/photo/AF1QipMQkN9hznswv5WH7l42o9RblHZT_wnoIOex7W9E",55.9022,-4.2867,"D"
"IMG_0114_D","https://photos.google.com/photo/AF1QipPgL4YS7cqKtixv0UeOHoHVDeb8JIj3Ob8e9MUh",55.901,-4.2868,"D"
"IMG_0115_D","https://photos.google.com/photo/AF1QipNqclyCFldg57zzBlQhJGld9pKYvTP1yw69pquo",55.9014,-4.2867,"D"
"IMG_0116_D","https://photos.google.com/photo/AF1QipNOyw2OfXbj5zAYClHokoWMrgeNzh0pteaXRK4B",55.9022,-4.2886,"D"
"IMG_0117_D","https://photos.google.com/photo/AF1QipNmESR0j360h8ljbptnqh8YlVhKyyiVXSCdb9ES",55.9023,-4.2887,"D"
"IMG_0118_D","https://photos.google.com/photo/AF1QipNRhFu9MNULElKpsIfVSsUm8lKR08wflfB0MoAR",55.9026,-4.2889,"D"
"IMG_0119_D","https://photos.google.com/photo/AF1QipMYINfiXX0N6EGjA9EjtfTJzVAbnR_eMPU0oWXw",55.9031,-4.2886,"D"
"IMG_0120_D","https://photos.google.com/photo/AF1QipM9H5jOxAWpWxAwigk9XTkilsxbaLn0ztyZueJ0",55.9019,-4.2894,"D"
"IMG_0121_D","https://photos.google.com/photo/AF1QipMs6i0epVXVhJ3s7RH2TtDsMa1RZ9GXpArIYNEY",55.9014,-4.2896,"D"
"IMG_0122_D","https://photos.google.com/photo/AF1QipMiAgy9DeruxDuUMSPyfz1Rv41-DMSgm63wZwL-",55.9012,-4.2894,"D"
"IMG_0123_D","https://photos.google.com/photo/AF1QipNaGmQ1dRQRvGVkDi97vnEIvugTTjTYEt2Rwwuw",55.9013,-4.289,"D"
"IMG_0129_E","https://photos.google.com/photo/AF1QipPlU6vrHDqt6si6NO24gc_bv2xnpIUuO1499PWc",55.9035,-4.2895,"E"
"IMG_0130_E","https://photos.google.com/photo/AF1QipN55zyLHbm0mVjrJ9u8JZ3BKSf4x_QWQybmTSIy",55.9036,-4.2895,"E"
"IMG_0131_E","https://photos.google.com/photo/AF1QipO7fS5iSRiE5RYOoRoY2fRmepEHCwgjcI1cKifS",55.9038,-4.2884,"E"
"IMG_0132_E","https://photos.google.com/photo/AF1QipM-Nx9PSVzWJmwwbbsufYCdORnch1jWpjbGLvwO",55.9045,-4.2879,"E"
"IMG_0133_E","https://photos.google.com/photo/AF1QipOI_GhCKP6O_K2RuiCNbcll0qwK_1VcUpONDsKb",55.905,-4.2872,"E"
"IMG_0134_E","https://photos.google.com/photo/AF1QipMRx9fyugujE--F9JprjRf0dBgAnIX-42y7zHyI",55.9057,-4.2888,"E"
"IMG_0135_E","https://photos.google.com/photo/AF1QipOpyi-vC4_ukkVt_k4tQ8Sj0NJbg2FTg6wl5Sbr",55.906,-4.2885,"E"
"IMG_0136_E","https://photos.google.com/photo/AF1QipNl9VBwWG_ArLIQxgJVYLgP3bPZ0hZ_kYuWJMPS",55.9061,-4.2885,"E"
"IMG_0137_E","https://photos.google.com/photo/AF1QipM7eOiSYmJiaCqFcCebtYOag_5rmSXvR-1ZgGAd",55.9062,-4.2869,"E"
"IMG_0138_E","https://photos.google.com/photo/AF1QipPllKEnnJ31XLu3OlgK9gpX37nTM64lz6iO4elt",55.9061,-4.2864,"E"
"IMG_0139_E","https://photos.google.com/photo/AF1QipMiSEu87DwL3_QzKUds0lsBfXxU_EvfjJnBKw8k",55.9062,-4.2875,"E"
"IMG_0140_E","https://photos.google.com/photo/AF1QipPHBabHNn6BPT6lpFka3qeItzx2XQp8wXNVIll_",55.907,-4.2891,"E"
"IMG_0141_E","https://photos.google.com/photo/AF1QipNUYtN29ct0XxZa9nowLaWp0edvx1iGJie3Pc9E",55.907,-4.2881,"E"
"IMG_0142_E","https://photos.google.com/photo/AF1QipMTutROw6k7t2uaa9rgJVaCnVFB56wy5vj89jTv",55.9068,-4.2852,"E"
"IMG_0143_E","https://photos.google.com/photo/AF1QipNpAVI_lpKUTWX21I_Vg38OEdhRbJSJBxcaFpWP",55.9074,-4.2896,"E"
"IMG_0144_E","https://photos.google.com/photo/AF1QipMCFSZwkQ-bKOYDoEC56DQ7TVfDyQ8MSxJPBbWD",55.9067,-4.2908,"E"
"IMG_0145_E","https://photos.google.com/photo/AF1QipOg26c308asgGhlkCXipmDfmKHn9mmUAPWKUMK9",55.9067,-4.2909,"E"
"IMG_0146_E","https://photos.google.com/photo/AF1QipMH7z_Fi2BHogNvKyPz71GDimP2oQ6AaV3-JBUg",55.9064,-4.2926,"E"
"IMG_0147_E","https://photos.google.com/photo/AF1QipMDG8Wa1nycmyUoibwT9z9zY_5ceSii_Kb05I5s",55.9066,-4.2946,"E"
"IMG_0148_E","https://photos.google.com/photo/AF1QipMBXXJ-twadOdX2-bijSSrYvxb11cTCs6C7OCy1",55.9066,-4.2963,"E"
